{
  "sceneId": "scene_2",
  "originalPointCount": 15298337,
  "optimizedPointCount": 2636087,
  "bounds": {
    "min": [
      -119.89318084716797,
      74.06470489501953,
      -66.74586486816406
    ],
    "max": [
      -110.23177337646484,
      77.7134780883789,
      -56.070133209228516
    ],
    "center": [
      -115.0624771118164,
      75.88909149169922,
      -61.40799903869629
    ],
    "size": [
      9.661407470703125,
      3.648773193359375,
      10.675731658935547
    ]
  },
  "pca": {
    "eigenvalues": [
      0.7466045561596879,
      0.42438350512571377,
      0.21351797124582614
    ],
    "eigenvectors": [
      [
        -0.5542577775539772,
        -0.16469437919959456,
        0.8158885202532181
      ],
      [
        0.769310041622282,
        -0.4755606204264653,
        0.4266194512193715
      ],
      [
        0.3177426252174051,
        0.8641283803692918,
        0.39028421228675925
      ]
    ],
    "mean": [
      -114.28642435920378,
      74.83574205559049,
      -60.784375842175635
    ]
  },
  "floor": {
    "normal": [
      -0.011612883728108935,
      0.9985957442101773,
      0.05168830212765437
    ],
    "distance": -72.44160513046772,
    "height": 74.38392723014954,
    "inlierRatio": 0.38925766504230846,
    "confidence": 0.7785153300846169
  },
  "boundary": {
    "startPoint": [
      -111.88662438097663,
      75.54882824693189,
      -64.31697264538201
    ],
    "endPoint": [
      -116.20945375896214,
      74.26432538630445,
      -57.9536034562717
    ],
    "startDensity": 90,
    "endDensity": 85,
    "principalLength": 7.7993120765265616
  },
  "cameraPath": {
    "duration": 10,
    "waypoints": [
      [
        -111.88662438097663,
        76.38895152492701,
        -64.31697264538201
      ],
      [
        -112.72249245021756,
        76.44421595563911,
        -63.32040403154652
      ],
      [
        -113.1276948951424,
        76.32791108176724,
        -62.08501059759387
      ],
      [
        -114.27883208245606,
        76.3182863966055,
        -61.26327388619267
      ],
      [
        -114.56863802113756,
        76.27312117820769,
        -59.9638875345571
      ],
      [
        -115.6043787022079,
        76.20235838639876,
        -59.078157905472985
      ],
      [
        -116.20945375896214,
        75.92750431178015,
        -57.9536034562717
      ]
    ]
  },
  "walkable": {
    "samples": [
      {
        "t": 0,
        "center": [
          -111.88662438097663,
          75.98392723014953,
          -64.31697264538201
        ],
        "width": 4.64998475921894,
        "floorHeight": 74.78895152492701
      },
      {
        "t": 0.05263157894736842,
        "center": [
          -112.15058271863165,
          75.98392723014953,
          -64.00226676732869
        ],
        "width": 4.64998475921894,
        "floorHeight": 74.66099744126012
      },
      {
        "t": 0.10526315789473684,
        "center": [
          -112.4145410562867,
          75.98392723014953,
          -63.68756088927539
        ],
        "width": 5.300814940696893,
        "floorHeight": 74.7856874510565
      },
      {
        "t": 0.15789473684210525,
        "center": [
          -112.67849939394172,
          75.98392723014953,
          -63.37285501122208
        ],
        "width": 5.5566122850169535,
        "floorHeight": 74.84604667517142
      },
      {
        "t": 0.21052631578947367,
        "center": [
          -112.8291246725662,
          75.98392723014953,
          -62.995300496295826
        ],
        "width": 5.872247343511972,
        "floorHeight": 74.83506235797756
      },
      {
        "t": 0.2631578947368421,
        "center": [
          -112.95708333938457,
          75.98392723014953,
          -62.60517625399499
        ],
        "width": 6.0407137617042865,
        "floorHeight": 74.77994687625848
      },
      {
        "t": 0.3157894736842105,
        "center": [
          -113.08504200620294,
          75.98392723014953,
          -62.21505201169415
        ],
        "width": 6.116473271753323,
        "floorHeight": 74.72727273593647
      },
      {
        "t": 0.3684210526315789,
        "center": [
          -113.3700395661558,
          75.98392723014953,
          -61.91201339519362
        ],
        "width": 7.66345837043453,
        "floorHeight": 74.7291877734288
      },
      {
        "t": 0.42105263157894735,
        "center": [
          -113.73355657267591,
          75.98392723014953,
          -61.65251759159324
        ],
        "width": 8.244229243235768,
        "floorHeight": 74.72091699253191
      },
      {
        "t": 0.47368421052631576,
        "center": [
          -114.097073579196,
          75.98392723014953,
          -61.39302178799286
        ],
        "width": 8.244229243235768,
        "floorHeight": 74.72307672773042
      },
      {
        "t": 0.5263157894736842,
        "center": [
          -114.32459091487945,
          75.98392723014953,
          -61.05810762014495
        ],
        "width": 8.244229243235768,
        "floorHeight": 74.7134960654806
      },
      {
        "t": 0.5789473684210527,
        "center": [
          -114.41610857972624,
          75.98392723014953,
          -60.64777508804951
        ],
        "width": 8.244229243235768,
        "floorHeight": 74.68533426873175
      },
      {
        "t": 0.631578947368421,
        "center": [
          -114.50762624457303,
          75.98392723014953,
          -60.23744255595406
        ],
        "width": 8.244229243235768,
        "floorHeight": 74.67537977614607
      },
      {
        "t": 0.6842105263157895,
        "center": [
          -114.67766335598706,
          75.98392723014953,
          -59.87065283675877
        ],
        "width": 8.26584512060408,
        "floorHeight": 74.6719918792385
      },
      {
        "t": 0.7368421052631579,
        "center": [
          -115.0047393605356,
          75.98392723014953,
          -59.59094874336379
        ],
        "width": 8.361870742961372,
        "floorHeight": 74.65484843706234
      },
      {
        "t": 0.7894736842105263,
        "center": [
          -115.33181536508413,
          75.98392723014953,
          -59.311244649968806
        ],
        "width": 8.349721126238686,
        "floorHeight": 74.6441992544391
      },
      {
        "t": 0.8421052631578947,
        "center": [
          -115.63622475782654,
          75.98392723014953,
          -59.01897082919923
        ],
        "width": 8.256777371817012,
        "floorHeight": 74.5939902127907
      },
      {
        "t": 0.8947368421052632,
        "center": [
          -115.8273010915384,
          75.98392723014953,
          -58.663848371556725
        ],
        "width": 8.148547188813826,
        "floorHeight": 74.51932604816122
      },
      {
        "t": 0.9473684210526315,
        "center": [
          -116.01837742525028,
          75.98392723014953,
          -58.30872591391421
        ],
        "width": 8.005142531017658,
        "floorHeight": 74.2921950868497
      },
      {
        "t": 1,
        "center": [
          -116.20945375896214,
          75.98392723014953,
          -57.9536034562717
        ],
        "width": 6.640569674600892,
        "floorHeight": 74.32750431178016
      }
    ],
    "minBound": [
      -119.39318084716797,
      74.56470489501953,
      -66.24586486816406
    ],
    "maxBound": [
      -110.73177337646484,
      77.2134780883789,
      -56.570133209228516
    ]
  }
}