{
  "sceneId": "scene_3",
  "originalPointCount": 105010680,
  "optimizedPointCount": 2554461,
  "bounds": {
    "min": [
      -9.944867134094238,
      -1.268949270248413,
      -10.221047401428223
    ],
    "max": [
      9.06359577178955,
      5.028292655944824,
      10.313002586364746
    ],
    "center": [
      -0.44063568115234375,
      1.8796716928482056,
      0.04597759246826172
    ],
    "size": [
      19.00846290588379,
      6.297241926193237,
      20.53404998779297
    ]
  },
  "pca": {
    "eigenvalues": [
      12.086157658682401,
      7.028048359858119,
      0.9430375199954089
    ],
    "eigenvectors": [
      [
        0.23534755560540727,
        0.07352928249587344,
        0.969125880722521
      ],
      [
        0.9718545596439045,
        -0.007031868998090965,
        -0.23547668189811521
      ],
      [
        -0.010499665228577145,
        0.9972682675358904,
        -0.07311470164099748
      ]
    ],
    "mean": [
      0.747395354604081,
      0.13895394021890622,
      0.3373752084809697
    ]
  },
  "floor": {
    "normal": [
      -0.0078092413654259445,
      0.9995780662495679,
      -0.027976869411552
    ],
    "distance": 0.8268934436548443,
    "height": -0.8293981160005252,
    "inlierRatio": 0.24548896012606714,
    "confidence": 0.49097792025213427
  },
  "boundary": {
    "startPoint": [
      -1.1723156926249423,
      -0.46081849225461274,
      -7.567706510310569
    ],
    "endPoint": [
      2.471605874864368,
      0.6776464373661453,
      7.437415124765085
    ],
    "startDensity": 5743,
    "endDensity": 13833,
    "principalLength": 15.483150263089406
  },
  "cameraPath": {
    "duration": 10,
    "waypoints": [
      [
        -1.1723156926249423,
        0.5367737198196407,
        -7.567706510310569
      ],
      [
        -0.7107736153233095,
        0.9712109777091144,
        -5.031531402179909
      ],
      [
        0.29482005110210247,
        0.9872175270902765,
        -2.6271779351754754
      ],
      [
        0.35808872322654156,
        1.1245071999110627,
        0.00549731179669205
      ],
      [
        1.5094605735985391,
        1.1793517968708858,
        2.3745292765164088
      ],
      [
        1.7185074296695642,
        1.2006079407606252,
        4.97188302120386
      ],
      [
        2.471605874864368,
        1.4311786594411207,
        7.437415124765084
      ]
    ]
  },
  "walkable": {
    "samples": [
      {
        "t": 0,
        "center": [
          -1.1723156926249423,
          0.7706018839994749,
          -7.567706510310569
        ],
        "width": 13.78342272219469,
        "floorHeight": -1.0632262801803594
      },
      {
        "t": 0.05263157894736842,
        "center": [
          -1.0265655629507424,
          0.7706018839994749,
          -6.766809107742993
        ],
        "width": 14.413957434014018,
        "floorHeight": -0.7734684709086331
      },
      {
        "t": 0.10526315789473684,
        "center": [
          -0.8808154332765427,
          0.7706018839994749,
          -5.965911705175415
        ],
        "width": 14.562952039692625,
        "floorHeight": -0.6758899073967634
      },
      {
        "t": 0.15789473684210525,
        "center": [
          -0.7350653036023429,
          0.7706018839994749,
          -5.165014302607839
        ],
        "width": 17.45304891256889,
        "floorHeight": -0.6319086267251334
      },
      {
        "t": 0.21052631578947367,
        "center": [
          -0.4461437031060959,
          0.7706018839994749,
          -4.398806805599795
        ],
        "width": 18.386480016244505,
        "floorHeight": -0.6131910001196478
      },
      {
        "t": 0.2631578947368421,
        "center": [
          -0.12858780844543938,
          0.7706018839994749,
          -3.639537289703658
        ],
        "width": 18.74591749262305,
        "floorHeight": -0.6152342129182387
      },
      {
        "t": 0.3157894736842105,
        "center": [
          0.18896808621521688,
          0.7706018839994749,
          -2.880267773807521
        ],
        "width": 19.57589182774788,
        "floorHeight": -0.6093293794661998
      },
      {
        "t": 0.3684210526315789,
        "center": [
          0.3081397715493528,
          0.7706018839994749,
          -2.072930514760283
        ],
        "width": 19.59173966671341,
        "floorHeight": -0.6196886597967711
      },
      {
        "t": 0.42105263157894735,
        "center": [
          0.3281193522202283,
          0.7706018839994749,
          -1.2415593841374928
        ],
        "width": 19.494402540712287,
        "floorHeight": -0.541655411299611
      },
      {
        "t": 0.47368421052631576,
        "center": [
          0.34809893289110383,
          0.7706018839994749,
          -0.4101882535147028
        ],
        "width": 19.494402540712287,
        "floorHeight": -0.4991599564020833
      },
      {
        "t": 0.5263157894736842,
        "center": [
          0.539884278548436,
          0.7706018839994749,
          0.3795549904366474
        ],
        "width": 19.235485359634286,
        "floorHeight": -0.45182564377579165
      },
      {
        "t": 0.5789473684210527,
        "center": [
          0.9034753891922249,
          0.7706018839994749,
          1.1276703477165582
        ],
        "width": 18.883222006734034,
        "floorHeight": -0.432173581907371
      },
      {
        "t": 0.631578947368421,
        "center": [
          1.267066499836013,
          0.7706018839994749,
          1.875785704996468
        ],
        "width": 14.972483633727254,
        "floorHeight": -0.4301315066803744
      },
      {
        "t": 0.6842105263157895,
        "center": [
          1.5314655058165418,
          0.7706018839994749,
          2.6479349338519307
        ],
        "width": 12.150526536671194,
        "floorHeight": -0.4159065513534844
      },
      {
        "t": 0.7368421052631579,
        "center": [
          1.5974803024705495,
          0.7706018839994749,
          3.468151905858492
        ],
        "width": 11.490669467605187,
        "floorHeight": -0.4237424155237842
      },
      {
        "t": 0.7894736842105263,
        "center": [
          1.6634950991245574,
          0.7706018839994749,
          4.288368877865056
        ],
        "width": 11.025037810306209,
        "floorHeight": -0.44111008196268653
      },
      {
        "t": 0.8421052631578947,
        "center": [
          1.7581441899429746,
          0.7706018839994749,
          5.101647868759713
        ],
        "width": 10.949186531808135,
        "floorHeight": -0.39104845469471283
      },
      {
        "t": 0.8947368421052632,
        "center": [
          1.9959647515834391,
          0.7706018839994749,
          5.880236954094837
        ],
        "width": 11.480027998814947,
        "floorHeight": -0.3633917525133287
      },
      {
        "t": 0.9473684210526315,
        "center": [
          2.2337853132239034,
          0.7706018839994749,
          6.658826039429961
        ],
        "width": 6.161353332708661,
        "floorHeight": -0.31111223276947
      },
      {
        "t": 1,
        "center": [
          2.471605874864368,
          0.7706018839994749,
          7.437415124765084
        ],
        "width": 6.015018375504555,
        "floorHeight": -0.16882134055887948
      }
    ],
    "minBound": [
      -9.444867134094238,
      -0.7689492702484131,
      -9.721047401428223
    ],
    "maxBound": [
      8.56359577178955,
      4.528292655944824,
      9.813002586364746
    ]
  }
}