{
  "sceneId": "scene_4",
  "originalPointCount": 14455724,
  "optimizedPointCount": 2705620,
  "bounds": {
    "min": [
      2.3976902961730957,
      -1.0227911472320557,
      -6.121017932891846
    ],
    "max": [
      11.671792030334473,
      1.1287004947662354,
      2.2790400981903076
    ],
    "center": [
      7.034741163253784,
      0.052954673767089844,
      -1.920988917350769
    ],
    "size": [
      9.274101734161377,
      2.151491641998291,
      8.400058031082153
    ]
  },
  "pca": {
    "eigenvalues": [
      0.42741653548174996,
      0.4084108839862934,
      0.07545638335128597
    ],
    "eigenvectors": [
      [
        0.6510144422120165,
        -0.024093927749764276,
        0.758682857771919
      ],
      [
        0.7512622892330549,
        -0.12249349164833866,
        -0.6485370592958493
      ],
      [
        0.10855951735194108,
        0.992176812442917,
        -0.061644172822141775
      ]
    ],
    "mean": [
      7.140168310567045,
      -0.6051957800160517,
      -1.2990969464923754
    ]
  },
  "floor": {
    "normal": [
      0.009438328845978684,
      0.9993983866864201,
      -0.03337338216567169
    ],
    "distance": 0.6788420935394537,
    "height": -0.8098353990172097,
    "inlierRatio": 0.6023599779962656,
    "confidence": 1
  },
  "boundary": {
    "startPoint": [
      3.957787436963027,
      -0.4874164346296159,
      -5.007797797276707
    ],
    "endPoint": [
      9.136523689553869,
      -0.6790805345550255,
      1.0274268690342925
    ],
    "startDensity": 44,
    "endDensity": 45,
    "principalLength": 7.954871530951809
  },
  "cameraPath": {
    "duration": 10,
    "waypoints": [
      [
        3.957787436963027,
        0.7821245996437948,
        -5.007797797276707
      ],
      [
        4.708220802343209,
        0.7739556699313921,
        -3.9046464606638294
      ],
      [
        5.8792165227076305,
        0.8122919182961468,
        -3.164551112433465
      ],
      [
        6.321776876488531,
        1.0164836518900644,
        -1.7956243463324524
      ],
      [
        7.605461940237911,
        0.9874919914713972,
        -1.1528095569964656
      ],
      [
        8.160711637403772,
        0.8785277844191396,
        0.11883665021016998
      ],
      [
        9.136523689553869,
        1.1980822905185278,
        1.0274268690342927
      ]
    ]
  },
  "walkable": {
    "samples": [
      {
        "t": 0,
        "center": [
          3.957787436963027,
          0.7901646009827904,
          -5.007797797276707
        ],
        "width": 5.054356743074249,
        "floorHeight": -0.8178754003562053
      },
      {
        "t": 0.05263157894736842,
        "center": [
          4.194766394451506,
          0.7901646009827904,
          -4.659434217293693
        ],
        "width": 5.054356743074249,
        "floorHeight": -0.8253565689085733
      },
      {
        "t": 0.10526315789473684,
        "center": [
          4.431745351939984,
          0.7901646009827904,
          -4.311070637310679
        ],
        "width": 5.2978886941878205,
        "floorHeight": -0.8267968123375083
      },
      {
        "t": 0.15789473684210525,
        "center": [
          4.6687243094284625,
          0.7901646009827904,
          -3.9627070573276653
        ],
        "width": 6.275346636456614,
        "floorHeight": -0.8260170942677958
      },
      {
        "t": 0.21052631578947367,
        "center": [
          5.016377570860161,
          0.7901646009827904,
          -3.7098845269189966
        ],
        "width": 6.593826969397961,
        "floorHeight": -0.8261805090726692
      },
      {
        "t": 0.2631578947368421,
        "center": [
          5.386165693080505,
          0.7901646009827904,
          -3.4761702064251976
        ],
        "width": 6.868504140148826,
        "floorHeight": -0.8235353965173206
      },
      {
        "t": 0.3157894736842105,
        "center": [
          5.755953815300849,
          0.7901646009827904,
          -3.242455885931398
        ],
        "width": 7.141262902227258,
        "floorHeight": -0.813677079325487
      },
      {
        "t": 0.3684210526315789,
        "center": [
          5.9723871235036095,
          0.7901646009827904,
          -2.8763560037806206
        ],
        "width": 7.373463364036042,
        "floorHeight": -0.735770086460586
      },
      {
        "t": 0.42105263157894735,
        "center": [
          6.112143024697578,
          0.7901646009827904,
          -2.4440633408013532
        ],
        "width": 7.373463364036042,
        "floorHeight": -0.5735575958148408
      },
      {
        "t": 0.47368421052631576,
        "center": [
          6.251898925891547,
          0.7901646009827904,
          -2.011770677822086
        ],
        "width": 7.373463364036042,
        "floorHeight": -0.5658795174534208
      },
      {
        "t": 0.5263157894736842,
        "center": [
          6.524463991817381,
          0.7901646009827904,
          -1.6941272743320335
        ],
        "width": 7.373463364036042,
        "floorHeight": -0.6011531787664505
      },
      {
        "t": 0.5789473684210527,
        "center": [
          6.929838222475079,
          0.7901646009827904,
          -1.4911331303311954
        ],
        "width": 8.08849817356597,
        "floorHeight": -0.6160093191315372
      },
      {
        "t": 0.631578947368421,
        "center": [
          7.335212453132778,
          0.7901646009827904,
          -1.2881389863303578
        ],
        "width": 8.335804076907394,
        "floorHeight": -0.6161390810843883
      },
      {
        "t": 0.6842105263157895,
        "center": [
          7.663909276781686,
          0.7901646009827904,
          -1.01895206150103
        ],
        "width": 8.335804076907394,
        "floorHeight": -0.6106924722507101
      },
      {
        "t": 0.7368421052631579,
        "center": [
          7.83925128641301,
          0.7901646009827904,
          -0.617379575014725
        ],
        "width": 7.7305101220532695,
        "floorHeight": -0.5854191001674943
      },
      {
        "t": 0.7894736842105263,
        "center": [
          8.014593296044334,
          0.7901646009827904,
          -0.2158070885284189
        ],
        "width": 7.462101684712422,
        "floorHeight": -0.643497885196526
      },
      {
        "t": 0.8421052631578947,
        "center": [
          8.212070166464303,
          0.7901646009827904,
          0.1666571880430183
        ],
        "width": 7.462101684712422,
        "floorHeight": -0.7370670816577273
      },
      {
        "t": 0.8947368421052632,
        "center": [
          8.520221340827492,
          0.7901646009827904,
          0.45358041504010976
        ],
        "width": 7.462101684712422,
        "floorHeight": -0.7260877939147781
      },
      {
        "t": 0.9473684210526315,
        "center": [
          8.82837251519068,
          0.7901646009827904,
          0.7405036420372012
        ],
        "width": 7.462101684712422,
        "floorHeight": -0.6368895136025725
      },
      {
        "t": 1,
        "center": [
          9.136523689553869,
          0.7901646009827904,
          1.0274268690342927
        ],
        "width": 5.047353776455922,
        "floorHeight": -0.40191770948147243
      }
    ],
    "minBound": [
      2.8976902961730957,
      -0.5227911472320557,
      -5.621017932891846
    ],
    "maxBound": [
      11.171792030334473,
      0.6287004947662354,
      1.7790400981903076
    ]
  }
}