{
  "sceneId": "scene_1",
  "originalPointCount": 95516352,
  "optimizedPointCount": 2560437,
  "bounds": {
    "min": [
      -32.74166488647461,
      -12.035392761230469,
      -62.862754821777344
    ],
    "max": [
      21.824804306030273,
      18.3769474029541,
      63.75591278076172
    ],
    "center": [
      -5.458430290222168,
      3.1707773208618164,
      0.4465789794921875
    ],
    "size": [
      54.56646919250488,
      30.41234016418457,
      126.61866760253906
    ]
  },
  "pca": {
    "eigenvalues": [
      784.6789972663255,
      50.60104620218193,
      7.737384957682357
    ],
    "eigenvectors": [
      [
        0.059038931145281345,
        -0.1370270904844542,
        0.9888063415465072
      ],
      [
        0.9977568678544904,
        0.039409670971491784,
        -0.05411201791761876
      ],
      [
        -0.03155372019937839,
        0.9897830339560709,
        0.13904642546392693
      ]
    ],
    "mean": [
      0.7338615941406307,
      -2.2926712490214434,
      3.719142735741584
    ]
  },
  "floor": {
    "normal": [
      0.03270859775880348,
      0.9932279685097312,
      0.11148251074803263
    ],
    "distance": 4.073965934435299,
    "height": -3.972113356290755,
    "inlierRatio": 0.14291341889195058,
    "confidence": 0.28582683778390117
  },
  "boundary": {
    "startPoint": [
      -3.223766198612567,
      6.8928307772076725,
      -62.564703923427444
    ],
    "endPoint": [
      3.9931905806964507,
      -9.857448579768974,
      58.30761696069085
    ],
    "startDensity": 4826,
    "endDensity": 23554,
    "principalLength": 122.24064086712093
  },
  "cameraPath": {
    "duration": 61.120320433560465,
    "waypoints": [
      [
        -3.223766198612567,
        -2.372113356290755,
        -62.564703923427444
      ],
      [
        -2.051037345043615,
        -1.9271185700855558,
        -42.41768482361973
      ],
      [
        -0.5588891005341803,
        -2.372113356290755,
        -22.28798901003802
      ],
      [
        0.08538513068559467,
        -2.064667624003807,
        -2.1123098759930112
      ],
      [
        1.846763159235492,
        -2.3320554221008636,
        18.00278461800141
      ],
      [
        2.640700920633441,
        -2.355213790429866,
        38.17034694935878
      ],
      [
        3.9931905806964507,
        -2.372113356290755,
        58.30761696069085
      ]
    ]
  },
  "walkable": {
    "samples": [
      {
        "t": 0,
        "center": [
          -3.223766198612567,
          -2.372113356290755,
          -62.564703923427444
        ],
        "width": 2,
        "floorHeight": -3.972113356290755
      },
      {
        "t": 0.05263157894736842,
        "center": [
          -2.8911885355473053,
          -2.372113356290755,
          -56.200439623414596
        ],
        "width": 2,
        "floorHeight": -3.972113356290755
      },
      {
        "t": 0.10526315789473684,
        "center": [
          -2.5586108724820438,
          -2.372113356290755,
          -49.83617532340175
        ],
        "width": 2,
        "floorHeight": -3.972113356290755
      },
      {
        "t": 0.15789473684210525,
        "center": [
          -2.226033209416782,
          -2.372113356290755,
          -43.47191102338889
        ],
        "width": 0.4774138230290248,
        "floorHeight": -3.343214293888637
      },
      {
        "t": 0.21052631578947367,
        "center": [
          -1.7464682045975564,
          -2.372113356290755,
          -37.115618386540596
        ],
        "width": 0.026126105899293872,
        "floorHeight": -4.44663995107015
      },
      {
        "t": 0.2631578947368421,
        "center": [
          -1.237505731427538,
          -2.372113356290755,
          -30.760920082325207
        ],
        "width": 2,
        "floorHeight": -3.972113356290755
      },
      {
        "t": 0.3157894736842105,
        "center": [
          -0.72854325825752,
          -2.372113356290755,
          -24.40622177810982
        ],
        "width": 2,
        "floorHeight": -3.972113356290755
      },
      {
        "t": 0.3684210526315789,
        "center": [
          -0.42325242027738574,
          -2.372113356290755,
          -18.040477613396973
        ],
        "width": 2,
        "floorHeight": -3.972113356290755
      },
      {
        "t": 0.42105263157894735,
        "center": [
          -0.2197973998921936,
          -2.372113356290755,
          -11.669210518435387
        ],
        "width": 6.903623846519712,
        "floorHeight": -2.987376050680593
      },
      {
        "t": 0.47368421052631576,
        "center": [
          -0.01634237950700146,
          -2.372113356290755,
          -5.2979434234738
        ],
        "width": 13.835592936138477,
        "floorHeight": -3.4436145625562213
      },
      {
        "t": 0.5263157894736842,
        "center": [
          0.363497450982947,
          -2.372113356290755,
          1.063757675690319
        ],
        "width": 18.461429096784247,
        "floorHeight": -3.8857206854513917
      },
      {
        "t": 0.5789473684210527,
        "center": [
          0.9197220915776516,
          -2.372113356290755,
          7.41589277905698
        ],
        "width": 16.123578121422405,
        "floorHeight": -4.34648516538701
      },
      {
        "t": 0.631578947368421,
        "center": [
          1.4759467321723554,
          -2.372113356290755,
          13.768027882423631
        ],
        "width": 17.735838285372616,
        "floorHeight": -3.7898518000144423
      },
      {
        "t": 0.6842105263157895,
        "center": [
          1.9303355551721184,
          -2.372113356290755,
          20.125685916039036
        ],
        "width": 18.907005149860197,
        "floorHeight": -4.003157233144075
      },
      {
        "t": 0.7368421052631579,
        "center": [
          2.1810527429819966,
          -2.372113356290755,
          26.494389810151873
        ],
        "width": 26.917971888053,
        "floorHeight": -4.168400342482882
      },
      {
        "t": 0.7894736842105263,
        "center": [
          2.431769930791875,
          -2.372113356290755,
          32.86309370426473
        ],
        "width": 27.976102376604274,
        "floorHeight": -4.136691104266631
      },
      {
        "t": 0.8421052631578947,
        "center": [
          2.711884586952546,
          -2.372113356290755,
          39.23020326574467
        ],
        "width": 23.20760806761034,
        "floorHeight": -3.9189183276625132
      },
      {
        "t": 0.8947368421052632,
        "center": [
          3.138986584867181,
          -2.372113356290755,
          45.589341164060066
        ],
        "width": 13.696588489334205,
        "floorHeight": -4.0072434272047
      },
      {
        "t": 0.9473684210526315,
        "center": [
          3.566088582781816,
          -2.372113356290755,
          51.948479062375455
        ],
        "width": 13.770337927357119,
        "floorHeight": -4.46337604507778
      },
      {
        "t": 1,
        "center": [
          3.9931905806964507,
          -2.372113356290755,
          58.30761696069085
        ],
        "width": 2,
        "floorHeight": -3.972113356290755
      }
    ],
    "minBound": [
      -32.24166488647461,
      -11.535392761230469,
      -62.362754821777344
    ],
    "maxBound": [
      21.324804306030273,
      17.8769474029541,
      63.25591278076172
    ]
  }
}