{
  "sceneId": "scene_7",
  "originalPointCount": 117513309,
  "optimizedPointCount": 2434799,
  "bounds": {
    "min": [
      -5.591643333435059,
      -1.7147433757781982,
      -37.23038101196289
    ],
    "max": [
      23.79248046875,
      6.783999919891357,
      1.330633521080017
    ],
    "center": [
      9.10041856765747,
      2.5346282720565796,
      -17.949873745441437
    ],
    "size": [
      29.38412380218506,
      8.498743295669556,
      38.56101453304291
    ]
  },
  "pca": {
    "eigenvalues": [
      83.51526000171441,
      27.29376342905313,
      1.2806329934112601
    ],
    "eigenvectors": [
      [
        -0.2442155774420922,
        -0.005483194323938612,
        0.9697054636922655
      ],
      [
        0.9696886047911701,
        -0.009550297808150192,
        0.2441573295027803
      ],
      [
        0.007922213881173857,
        0.9999393613573685,
        0.007649322547740243
      ]
    ],
    "mean": [
      7.852427549404604,
      0.08111158315305761,
      -19.03281697918712
    ]
  },
  "floor": {
    "normal": [
      0.01914405164735233,
      0.9997716708773249,
      -0.009492702338394053
    ],
    "distance": 0.8527062015906308,
    "height": -1.1975913381191756,
    "inlierRatio": 0.0895857872202569,
    "confidence": 0.1791715744405138
  },
  "boundary": {
    "startPoint": [
      11.639376385823926,
      0.16613718464166044,
      -34.069634105521466
    ],
    "endPoint": [
      2.8126354824578588,
      -0.0320431940513809,
      0.9786579413675085
    ],
    "startDensity": 7425,
    "endDensity": 9896,
    "principalLength": 36.14323457912525
  },
  "cameraPath": {
    "duration": 18.071617289562624,
    "waypoints": [
      [
        11.639376385823926,
        0.7834623293471935,
        -34.069634105521466
      ],
      [
        10.022799611210905,
        0.7690039047251355,
        -28.264875697132055
      ],
      [
        8.949061907688069,
        0.7730927664805064,
        -22.323436154930935
      ],
      [
        6.935099352703541,
        0.7431100327080967,
        -16.61873528092781
      ],
      [
        6.006814939899381,
        0.7076646541805576,
        -10.640672139301277
      ],
      [
        4.138305675633528,
        0.714284947956426,
        -4.899347665872738
      ],
      [
        2.8126354824578588,
        0.44202077108957316,
        0.9786579413675085
      ]
    ]
  },
  "walkable": {
    "samples": [
      {
        "t": 0,
        "center": [
          11.639376385823926,
          0.40240866188082447,
          -34.069634105521466
        ],
        "width": 14.963359135168417,
        "floorHeight": -0.8165376706528066
      },
      {
        "t": 0.05263157894736842,
        "center": [
          11.12887845699876,
          0.40240866188082447,
          -32.23655250287218
        ],
        "width": 17.14191855653268,
        "floorHeight": -0.8813269952420398
      },
      {
        "t": 0.10526315789473684,
        "center": [
          10.618380528173597,
          0.40240866188082447,
          -30.403470900222892
        ],
        "width": 22.771604217467623,
        "floorHeight": -0.8661151767780156
      },
      {
        "t": 0.15789473684210525,
        "center": [
          10.107882599348432,
          0.40240866188082447,
          -28.570389297573605
        ],
        "width": 22.572743955793637,
        "floorHeight": -0.8149738691133789
      },
      {
        "t": 0.21052631578947367,
        "center": [
          9.740237057652264,
          0.40240866188082447,
          -26.70133897550018
        ],
        "width": 24.21000630542676,
        "floorHeight": -0.9111072260822932
      },
      {
        "t": 0.2631578947368421,
        "center": [
          9.401161993381894,
          0.40240866188082447,
          -24.82509490954193
        ],
        "width": 27.59162560464489,
        "floorHeight": -0.9541677705003462
      },
      {
        "t": 0.3157894736842105,
        "center": [
          9.062086929111526,
          0.40240866188082447,
          -22.948850843583685
        ],
        "width": 28.929744695556778,
        "floorHeight": -0.852228060667886
      },
      {
        "t": 0.3684210526315789,
        "center": [
          8.525069790849221,
          0.40240866188082447,
          -21.122446497246067
        ],
        "width": 28.929744695556778,
        "floorHeight": -0.7762655792227091
      },
      {
        "t": 0.42105263157894735,
        "center": [
          7.88908161559095,
          0.40240866188082447,
          -19.320962010718766
        ],
        "width": 20.248593428176523,
        "floorHeight": -0.8118447365404158
      },
      {
        "t": 0.47368421052631576,
        "center": [
          7.253093440332677,
          0.40240866188082447,
          -17.519477524191462
        ],
        "width": 15.780330759511752,
        "floorHeight": -0.8583547264612935
      },
      {
        "t": 0.5263157894736842,
        "center": [
          6.7885281296292,
          0.40240866188082447,
          -15.6748305743552
        ],
        "width": 7.690848244036008,
        "floorHeight": -0.8554252081225133
      },
      {
        "t": 0.5789473684210527,
        "center": [
          6.495385683480518,
          0.40240866188082447,
          -13.787021161209978
        ],
        "width": 7.7666899912722975,
        "floorHeight": -0.8543565848943292
      },
      {
        "t": 0.631578947368421,
        "center": [
          6.202243237331836,
          0.40240866188082447,
          -11.899211748064758
        ],
        "width": 7.314262052520208,
        "floorHeight": -0.8677227044918415
      },
      {
        "t": 0.6842105263157895,
        "center": [
          5.8101297541871855,
          0.40240866188082447,
          -10.03632219472985
        ],
        "width": 6.1305013143325,
        "floorHeight": -0.9046416664832431
      },
      {
        "t": 0.7368421052631579,
        "center": [
          5.220074197050602,
          0.40240866188082447,
          -8.223272361015578
        ],
        "width": 8.69194674278331,
        "floorHeight": -0.8916912440053222
      },
      {
        "t": 0.7894736842105263,
        "center": [
          4.630018639914016,
          0.40240866188082447,
          -6.410222527301303
        ],
        "width": 8.960161281719333,
        "floorHeight": -0.8793136670705374
      },
      {
        "t": 0.8421052631578947,
        "center": [
          4.06853356020323,
          0.40240866188082447,
          -4.5899789497022
        ],
        "width": 9.201711998590717,
        "floorHeight": -0.8869953290381813
      },
      {
        "t": 0.8947368421052632,
        "center": [
          3.6499008676214393,
          0.40240866188082447,
          -2.733766652678964
        ],
        "width": 7.28740573748417,
        "floorHeight": -0.9246102899713681
      },
      {
        "t": 0.9473684210526315,
        "center": [
          3.231268175039649,
          0.40240866188082447,
          -0.8775543556557279
        ],
        "width": 6.481073347983664,
        "floorHeight": -0.9539246775616731
      },
      {
        "t": 1,
        "center": [
          2.8126354824578588,
          0.40240866188082447,
          0.9786579413675085
        ],
        "width": 6.417046514234676,
        "floorHeight": -1.157979228910427
      }
    ],
    "minBound": [
      -5.091643333435059,
      -1.2147433757781982,
      -36.73038101196289
    ],
    "maxBound": [
      23.29248046875,
      6.283999919891357,
      0.8306335210800171
    ]
  }
}