{
  "sceneId": "scene_6",
  "originalPointCount": 13663278,
  "optimizedPointCount": 2517932,
  "bounds": {
    "min": [
      -5.481584072113037,
      -0.6942976117134094,
      -4.205750465393066
    ],
    "max": [
      3.4621012210845947,
      2.7697041034698486,
      3.7259318828582764
    ],
    "center": [
      -1.0097414255142212,
      1.0377032458782196,
      -0.23990929126739502
    ],
    "size": [
      8.943685293197632,
      3.464001715183258,
      7.931682348251343
    ]
  },
  "pca": {
    "eigenvalues": [
      0.4590335576467758,
      0.37318808750532645,
      0.2275273721800621
    ],
    "eigenvectors": [
      [
        -0.580789177981172,
        -0.052302784381405544,
        0.8123720511476908
      ],
      [
        0.7863977036337255,
        -0.2939570735788365,
        0.5432935584125489
      ],
      [
        0.21038674497115395,
        0.9543865347116537,
        0.21185787665679054
      ]
    ],
    "mean": [
      -0.8850905160958136,
      0.030591077653316607,
      0.3031684123919246
    ]
  },
  "floor": {
    "normal": [
      -0.006356943731812751,
      0.9999784345821461,
      -0.0016491322054096034
    ],
    "distance": 0.4872136016691037,
    "height": -0.4940387673858388,
    "inlierRatio": 0.32654017010244085,
    "confidence": 0.6530803402048817
  },
  "boundary": {
    "startPoint": [
      1.6210704798327322,
      0.2562826076690302,
      -3.202294888156718
    ],
    "endPoint": [
      -3.1183921170818865,
      -0.17052818648491608,
      3.426972834387014
    ],
    "startDensity": 354,
    "endDensity": 455,
    "principalLength": 8.160383796042877
  },
  "cameraPath": {
    "duration": 10,
    "waypoints": [
      [
        1.6210704798327322,
        1.5854503459301987,
        -3.202294888156718
      ],
      [
        0.7132003914685703,
        1.4856404113482944,
        -2.178910968161312
      ],
      [
        0.2455617308418917,
        1.3483781547681337,
        -0.8513871736528273
      ],
      [
        -0.9845801297146948,
        1.4683905079235282,
        -0.05064909440861681
      ],
      [
        -1.3342591347963144,
        1.4852794731301315,
        1.3583687338617498
      ],
      [
        -2.446441339807842,
        1.2941773199126207,
        2.240600846867843
      ],
      [
        -3.1183921170818865,
        1.355946983632072,
        3.426972834387014
      ]
    ]
  },
  "walkable": {
    "samples": [
      {
        "t": 0,
        "center": [
          1.6210704798327322,
          1.1059612326141612,
          -3.202294888156718
        ],
        "width": 4.351221550078497,
        "floorHeight": -0.01454965406980139
      },
      {
        "t": 0.05263157894736842,
        "center": [
          1.3343746624545758,
          1.1059612326141612,
          -2.8791210186844847
        ],
        "width": 4.469817602872112,
        "floorHeight": -0.06751617340345105
      },
      {
        "t": 0.10526315789473684,
        "center": [
          1.0476788450764194,
          1.1059612326141612,
          -2.555947149212251
        ],
        "width": 4.525676207452891,
        "floorHeight": -0.08523582338895032
      },
      {
        "t": 0.15789473684210525,
        "center": [
          0.7609830276982631,
          1.1059612326141612,
          -2.2327732797400177
        ],
        "width": 4.591387429246672,
        "floorHeight": -0.10680598997834605
      },
      {
        "t": 0.21052631578947367,
        "center": [
          0.590137586040497,
          1.1059612326141612,
          -1.8295626011853952
        ],
        "width": 4.673558845190334,
        "floorHeight": -0.1521275820185036
      },
      {
        "t": 0.2631578947368421,
        "center": [
          0.442462219526809,
          1.1059612326141612,
          -1.4103445608142946
        ],
        "width": 4.7766574175135865,
        "floorHeight": -0.22820786716881508
      },
      {
        "t": 0.3157894736842105,
        "center": [
          0.2947868530131211,
          1.1059612326141612,
          -0.9911265204431943
        ],
        "width": 5.7164829355347955,
        "floorHeight": -0.32209658218105347
      },
      {
        "t": 0.3684210526315789,
        "center": [
          -0.013415502959494674,
          1.1059612326141612,
          -0.6828107359172043
        ],
        "width": 6.205709190440434,
        "floorHeight": -0.11067237133349182
      },
      {
        "t": 0.42105263157894735,
        "center": [
          -0.40188135366157474,
          1.1059612326141612,
          -0.4299460793137693
        ],
        "width": 6.284870713969999,
        "floorHeight": -0.11621969188539882
      },
      {
        "t": 0.47368421052631576,
        "center": [
          -0.7903472043636549,
          1.1059612326141612,
          -0.17708142271033434
        ],
        "width": 6.3638502218564605,
        "floorHeight": -0.13022074326984825
      },
      {
        "t": 0.5263157894736842,
        "center": [
          -1.0397926042012664,
          1.1059612326141612,
          0.17182740479196748
        ],
        "width": 6.569398660088735,
        "floorHeight": -0.13299824088309561
      },
      {
        "t": 0.5789473684210527,
        "center": [
          -1.1502175531744094,
          1.1059612326141612,
          0.6167804031931361
        ],
        "width": 6.793171503459648,
        "floorHeight": -0.13370517327146259
      },
      {
        "t": 0.631578947368421,
        "center": [
          -1.2606425021475522,
          1.1059612326141612,
          1.0617334015943038
        ],
        "width": 6.867524203234764,
        "floorHeight": -0.12978801391754055
      },
      {
        "t": 0.6842105263157895,
        "center": [
          -1.4513309458501598,
          1.1059612326141612,
          1.4512352720729178
        ],
        "width": 6.967959678352503,
        "floorHeight": -0.10718678334603252
      },
      {
        "t": 0.7368421052631579,
        "center": [
          -1.802546379011694,
          1.1059612326141612,
          1.7298348867064202
        ],
        "width": 6.975442687828195,
        "floorHeight": -0.17332574085099167
      },
      {
        "t": 0.7894736842105263,
        "center": [
          -2.153761812173229,
          1.1059612326141612,
          2.0084345013399236
        ],
        "width": 6.975442687828195,
        "floorHeight": -0.3709869343896413
      },
      {
        "t": 0.8421052631578947,
        "center": [
          -2.4818071701906863,
          1.1059612326141612,
          2.3030414777899044
        ],
        "width": 6.975442687828195,
        "floorHeight": -0.29278982922692703
      },
      {
        "t": 0.8947368421052632,
        "center": [
          -2.694002152487753,
          1.1059612326141612,
          2.677685263322274
        ],
        "width": 6.975442687828195,
        "floorHeight": -0.3440387058764353
      },
      {
        "t": 0.9473684210526315,
        "center": [
          -2.90619713478482,
          1.1059612326141612,
          3.052329048854644
        ],
        "width": 5.030755678241987,
        "floorHeight": -0.31235286470389195
      },
      {
        "t": 1,
        "center": [
          -3.1183921170818865,
          1.1059612326141612,
          3.426972834387014
        ],
        "width": 5.030755678241987,
        "floorHeight": -0.24405301636792823
      }
    ],
    "minBound": [
      -4.981584072113037,
      -0.19429761171340942,
      -3.7057504653930664
    ],
    "maxBound": [
      2.9621012210845947,
      2.2697041034698486,
      3.2259318828582764
    ]
  }
}