{
  "sceneId": "scene_8",
  "originalPointCount": 11993713,
  "optimizedPointCount": 2685387,
  "bounds": {
    "min": [
      -15.115453720092773,
      -1.299040675163269,
      -11.106417655944824
    ],
    "max": [
      4.971818923950195,
      0.6117527484893799,
      -0.3923047184944153
    ],
    "center": [
      -5.071817398071289,
      -0.3436439633369446,
      -5.74936118721962
    ],
    "size": [
      20.08727264404297,
      1.910793423652649,
      10.714112937450409
    ]
  },
  "pca": {
    "eigenvalues": [
      0.8335604548060271,
      0.36851890167885004,
      0.11577994912788186
    ],
    "eigenvectors": [
      [
        0.880754447773505,
        0.009249561119046335,
        -0.4734828912920651
      ],
      [
        0.4679078283631317,
        0.13719158528757752,
        0.8730639914019931
      ],
      [
        -0.07303332721221543,
        0.9905013450497615,
        -0.11650415688260701
      ]
    ],
    "mean": [
      -0.6374164032039226,
      -0.8631117965411435,
      -5.214271019611337
    ]
  },
  "floor": {
    "normal": [
      0.00044197076374744086,
      0.9999767162272292,
      0.0068096743866046285
    ],
    "distance": 1.1082292615717606,
    "height": -1.066861229501245,
    "inlierRatio": 0.6584264362393714,
    "confidence": 1
  },
  "boundary": {
    "startPoint": [
      -9.931441797743151,
      -0.9607163628831874,
      -0.21791587582220195
    ],
    "endPoint": [
      4.192530591011424,
      -0.8123883627422175,
      -7.810791847169622
    ],
    "startDensity": 12,
    "endDensity": 15,
    "principalLength": 16.036220338664357
  },
  "cameraPath": {
    "duration": 10,
    "waypoints": [
      [
        -9.931441797743151,
        1.350241470336914,
        -0.21791587582220195
      ],
      [
        -7.647632573871858,
        1.0451732270123737,
        -1.614354803090404
      ],
      [
        -5.101884981694002,
        0.5608747423160343,
        -2.522045854232939
      ],
      [
        -3.009827951874803,
        0.5451723066913192,
        -4.27627305891651
      ],
      [
        -0.3938941854424771,
        0.7349056021229555,
        -5.053004511348745
      ],
      [
        1.7683490186311916,
        0.5839786121312351,
        -6.676272117322018
      ],
      [
        4.192530591011424,
        0.9319566434571221,
        -7.810791847169622
      ]
    ]
  },
  "walkable": {
    "samples": [
      {
        "t": 0,
        "center": [
          -9.931441797743151,
          0.5331387704987551,
          -0.21791587582220195
        ],
        "width": 2.2481866769748375,
        "floorHeight": -0.24975852966308593
      },
      {
        "t": 0.05263157894736842,
        "center": [
          -9.21023888494169,
          0.5331387704987551,
          -0.658896589696371
        ],
        "width": 4.004479758667312,
        "floorHeight": -0.41035705922024973
      },
      {
        "t": 0.10526315789473684,
        "center": [
          -8.489035972140229,
          0.5331387704987551,
          -1.09987730357054
        ],
        "width": 6.010437561040937,
        "floorHeight": -0.5001136245111287
      },
      {
        "t": 0.15789473684210525,
        "center": [
          -7.767833059338768,
          0.5331387704987551,
          -1.540858017444709
        ],
        "width": 12.4280287739866,
        "floorHeight": -0.547753152747949
      },
      {
        "t": 0.21052631578947367,
        "center": [
          -6.977698996982949,
          0.5331387704987551,
          -1.8532208691805447
        ],
        "width": 12.215777161181826,
        "floorHeight": -0.5901948741860134
      },
      {
        "t": 0.2631578947368421,
        "center": [
          -6.173778704716257,
          0.5331387704987551,
          -2.139860148488714
        ],
        "width": 12.215777161181826,
        "floorHeight": -0.81086831943756
      },
      {
        "t": 0.3157894736842105,
        "center": [
          -5.369858412449566,
          0.5331387704987551,
          -2.4264994277968825
        ],
        "width": 12.215777161181826,
        "floorHeight": -1.0362817937672149
      },
      {
        "t": 0.3684210526315789,
        "center": [
          -4.661451922784697,
          0.5331387704987551,
          -2.8913568446926377
        ],
        "width": 11.602431291300565,
        "floorHeight": -1.044812185517468
      },
      {
        "t": 0.42105263157894735,
        "center": [
          -4.000802334420739,
          0.5331387704987551,
          -3.4453233303821866
        ],
        "width": 10.598834442524781,
        "floorHeight": -1.0576594227337837
      },
      {
        "t": 0.47368421052631576,
        "center": [
          -3.340152746056782,
          0.5331387704987551,
          -3.999289816071735
        ],
        "width": 9.303842288094263,
        "floorHeight": -1.0677689436417672
      },
      {
        "t": 0.5263157894736842,
        "center": [
          -2.5967857782275936,
          0.5331387704987551,
          -4.398914867195284
        ],
        "width": 9.731641974871057,
        "floorHeight": -1.0418864429755947
      },
      {
        "t": 0.5789473684210527,
        "center": [
          -1.7707014309331748,
          0.5331387704987551,
          -4.644198483752832
        ],
        "width": 8.875029191495003,
        "floorHeight": -0.8712664681155076
      },
      {
        "t": 0.631578947368421,
        "center": [
          -0.9446170836387568,
          0.5331387704987551,
          -4.88948210031038
        ],
        "width": 10.497835077956886,
        "floorHeight": -0.8685640993012567
      },
      {
        "t": 0.6842105263157895,
        "center": [
          -0.16628963764524812,
          0.5331387704987551,
          -5.223874785661722
        ],
        "width": 10.497835077956886,
        "floorHeight": -0.8633595471649385
      },
      {
        "t": 0.7368421052631579,
        "center": [
          0.5165240057464351,
          0.5331387704987551,
          -5.736485608600649
        ],
        "width": 10.497835077956886,
        "floorHeight": -0.8728889040244995
      },
      {
        "t": 0.7894736842105263,
        "center": [
          1.19933764913812,
          0.5331387704987551,
          -6.249096431539577
        ],
        "width": 10.360282630369802,
        "floorHeight": -0.979361480459681
      },
      {
        "t": 0.8421052631578947,
        "center": [
          1.895937522440677,
          0.5331387704987551,
          -6.735983682050839
        ],
        "width": 8.011767595144633,
        "floorHeight": -1.0233533693505816
      },
      {
        "t": 0.8947368421052632,
        "center": [
          2.661468545297593,
          0.5331387704987551,
          -7.0942530704237665
        ],
        "width": 4.764785251844535,
        "floorHeight": -0.8880472217237914
      },
      {
        "t": 0.9473684210526315,
        "center": [
          3.4269995681545087,
          0.5331387704987551,
          -7.452522458796694
        ],
        "width": 4.5983563958132105,
        "floorHeight": -0.7424508231287691
      },
      {
        "t": 1,
        "center": [
          4.192530591011424,
          0.5331387704987551,
          -7.810791847169622
        ],
        "width": 3.7655605465545783,
        "floorHeight": -0.6680433565428779
      }
    ],
    "minBound": [
      -14.615453720092773,
      -0.799040675163269,
      -10.606417655944824
    ],
    "maxBound": [
      4.471818923950195,
      0.11175274848937988,
      -0.8923047184944153
    ]
  }
}