{
  "sceneId": "scene_5",
  "originalPointCount": 71957148,
  "optimizedPointCount": 2599529,
  "bounds": {
    "min": [
      -10.202847480773926,
      -2.131512403488159,
      -6.951039791107178
    ],
    "max": [
      5.074361801147461,
      2.2839715480804443,
      6.6105852127075195
    ],
    "center": [
      -2.5642428398132324,
      0.07622957229614258,
      -0.1702272891998291
    ],
    "size": [
      15.277209281921387,
      4.4154839515686035,
      13.561625003814697
    ]
  },
  "pca": {
    "eigenvalues": [
      5.95056767844643,
      1.7790349036473216,
      0.9280718613772491
    ],
    "eigenvectors": [
      [
        0.8009262660533307,
        -0.00017083278452449246,
        -0.5987629640868155
      ],
      [
        0.5885960313713141,
        -0.18327346243968326,
        0.7873789112106757
      ],
      [
        0.10987187174071639,
        0.9830619557187277,
        0.14668797843948161
      ]
    ],
    "mean": [
      -1.3818049340196528,
      -0.05218654969685916,
      0.6305529920800409
    ]
  },
  "floor": {
    "normal": [
      0.014487356560892322,
      0.9998784817476887,
      0.005756582129578041
    ],
    "distance": 1.0781378136905768,
    "height": -1.0401351813999244,
    "inlierRatio": 0.24823677406661804,
    "confidence": 0.4964735481332361
  },
  "boundary": {
    "startPoint": [
      -6.333786255611156,
      -0.05113032168444881,
      4.3325954145734515
    ],
    "endPoint": [
      3.8324111772355964,
      -0.05329871082223658,
      -3.267533044664487
    ],
    "startDensity": 3579,
    "endDensity": 3528,
    "principalLength": 12.69305036397673
  },
  "cameraPath": {
    "duration": 10,
    "waypoints": [
      [
        -6.333786255611156,
        0.6673584284406425,
        4.3325954145734515
      ],
      [
        -4.727709421509061,
        0.8343685810651424,
        2.947800501352194
      ],
      [
        -2.792132043275294,
        0.8372773703794678,
        2.0037863033479124
      ],
      [
        -1.4272663485991741,
        0.8835810309678167,
        0.2963175115912798
      ],
      [
        0.5966004343402901,
        0.8942679639518374,
        -0.5295898497314001
      ],
      [
        2.0497555337221076,
        0.8164984017186582,
        -2.118951804806432
      ],
      [
        3.8324111772355964,
        0.6738781733563346,
        -3.2675330446644866
      ]
    ]
  },
  "walkable": {
    "samples": [
      {
        "t": 0,
        "center": [
          -6.333786255611156,
          0.5598648186000756,
          4.3325954145734515
        ],
        "width": 7.4069808489800355,
        "floorHeight": -0.9326415715593576
      },
      {
        "t": 0.05263157894736842,
        "center": [
          -5.826604097473653,
          0.5598648186000756,
          3.8952917577667385
        ],
        "width": 7.4069808489800355,
        "floorHeight": -0.7430012122391431
      },
      {
        "t": 0.10526315789473684,
        "center": [
          -5.319421939336149,
          0.5598648186000756,
          3.4579881009600255
        ],
        "width": 7.4069808489800355,
        "floorHeight": -0.7510743726094758
      },
      {
        "t": 0.15789473684210525,
        "center": [
          -4.812239781198645,
          0.5598648186000756,
          3.020684444153313
        ],
        "width": 7.4069808489800355,
        "floorHeight": -0.7659168105313987
      },
      {
        "t": 0.21052631578947367,
        "center": [
          -4.218346953552807,
          0.5598648186000756,
          2.699375712403699
        ],
        "width": 6.372993079935495,
        "floorHeight": -0.7642044609521524
      },
      {
        "t": 0.2631578947368421,
        "center": [
          -3.6071119920053016,
          0.5598648186000756,
          2.4012659656655044
        ],
        "width": 7.210003658820813,
        "floorHeight": -0.7815740156875843
      },
      {
        "t": 0.3157894736842105,
        "center": [
          -2.9958770304577964,
          0.5598648186000756,
          2.1031562189273103
        ],
        "width": 7.663010763159994,
        "floorHeight": -0.7743485615352952
      },
      {
        "t": 0.3684210526315789,
        "center": [
          -2.5047918970276903,
          0.5598648186000756,
          1.6443191892938849
        ],
        "width": 7.777515103001286,
        "floorHeight": -0.7394707657910063
      },
      {
        "t": 0.42105263157894735,
        "center": [
          -2.073781677656284,
          0.5598648186000756,
          1.105118518212843
        ],
        "width": 9.023157696564525,
        "floorHeight": -0.7523493383966461
      },
      {
        "t": 0.47368421052631576,
        "center": [
          -1.6427714582848774,
          0.5598648186000756,
          0.5659178471318007
        ],
        "width": 9.0919715809781,
        "floorHeight": -0.7255775489948592
      },
      {
        "t": 0.5263157894736842,
        "center": [
          -1.1077084355034692,
          0.5598648186000756,
          0.16591108611927766
        ],
        "width": 9.0919715809781,
        "floorHeight": -0.7072603890695076
      },
      {
        "t": 0.5789473684210527,
        "center": [
          -0.46859260931205915,
          0.5598648186000756,
          -0.09490176482472662
        ],
        "width": 9.0919715809781,
        "floorHeight": -0.7164281128710028
      },
      {
        "t": 0.631578947368421,
        "center": [
          0.17052321687935001,
          0.5598648186000756,
          -0.3557146157687305
        ],
        "width": 9.0919715809781,
        "floorHeight": -0.7049779599797147
      },
      {
        "t": 0.6842105263157895,
        "center": [
          0.7495641290120608,
          0.5598648186000756,
          -0.6968911081603514
        ],
        "width": 8.786955152881195,
        "floorHeight": -0.7061090740823868
      },
      {
        "t": 0.7368421052631579,
        "center": [
          1.2084552130273705,
          0.5598648186000756,
          -1.1987948834472024
        ],
        "width": 7.564192399268154,
        "floorHeight": -0.7261392060984899
      },
      {
        "t": 0.7894736842105263,
        "center": [
          1.6673462970426813,
          0.5598648186000756,
          -1.700698658734055
        ],
        "width": 7.03939767401799,
        "floorHeight": -0.7672646738622707
      },
      {
        "t": 0.8421052631578947,
        "center": [
          2.1435795149596593,
          0.5598648186000756,
          -2.1794034490094876
        ],
        "width": 7.03939767401799,
        "floorHeight": -0.7867489831651561
      },
      {
        "t": 0.8947368421052632,
        "center": [
          2.7065234023849714,
          0.5598648186000756,
          -2.5421133142278203
        ],
        "width": 7.03939767401799,
        "floorHeight": -0.8279482002287007
      },
      {
        "t": 0.9473684210526315,
        "center": [
          3.269467289810284,
          0.5598648186000756,
          -2.9048231794461534
        ],
        "width": 7.03939767401799,
        "floorHeight": -0.8726090517730329
      },
      {
        "t": 1,
        "center": [
          3.8324111772355964,
          0.5598648186000756,
          -3.2675330446644866
        ],
        "width": 6.985538048385676,
        "floorHeight": -0.9261218266436655
      }
    ],
    "minBound": [
      -9.702847480773926,
      -1.6315124034881592,
      -6.451039791107178
    ],
    "maxBound": [
      4.574361801147461,
      1.7839715480804443,
      6.1105852127075195
    ]
  }
}