{
  "sceneId": "scene_9",
  "originalPointCount": 63838439,
  "optimizedPointCount": 2736203,
  "bounds": {
    "min": [
      -76.22919464111328,
      -30.269582748413086,
      -261.11566162109375
    ],
    "max": [
      83.39491271972656,
      117.32173919677734,
      21.239301681518555
    ],
    "center": [
      3.5828590393066406,
      43.52607822418213,
      -119.9381799697876
    ],
    "size": [
      159.62410736083984,
      147.59132194519043,
      282.3549633026123
    ]
  },
  "pca": {
    "eigenvalues": [
      3313.9486344193974,
      1205.6845675730692,
      38.177959931846566
    ],
    "eigenvectors": [
      [
        0.04906473399561705,
        -0.4340920310600133,
        0.8995314115961329
      ],
      [
        0.9972519408266766,
        -0.028760998034808433,
        -0.0682742375238926
      ],
      [
        0.055508723596985096,
        0.9004093033516669,
        0.4314879697539657
      ]
    ],
    "mean": [
      2.8100698627763308,
      30.00078949263618,
      -137.27472396826403
    ]
  },
  "floor": {
    "normal": [
      0,
      1,
      0
    ],
    "distance": 2.0468766689300537,
    "height": -2.0468766689300537,
    "inlierRatio": 0.1,
    "confidence": 0.1
  },
  "boundary": {
    "startPoint": [
      -3.7918290447919585,
      88.40998632829428,
      -258.31105617522894
    ],
    "endPoint": [
      9.29203410797922,
      -27.34730546921282,
      -18.437221498080973
    ],
    "startDensity": 21905,
    "endDensity": 3786,
    "principalLength": 266.66532328372466
  },
  "cameraPath": {
    "duration": 133.33266164186233,
    "waypoints": [
      [
        -3.7918290447919585,
        -0.4468766689300536,
        -258.31105617522894
      ],
      [
        -1.7607729771207636,
        -0.4468766689300536,
        -218.32184259340903
      ],
      [
        0.8285523272172052,
        -0.4468766689300536,
        -178.3708494500822
      ],
      [
        2.4509269493456274,
        -0.4468766689300536,
        -138.35365656539778
      ],
      [
        5.189840044807598,
        -0.4468766689300536,
        -98.41290455769956
      ],
      [
        6.9618024580600215,
        -0.541206630047558,
        -58.40595280864371
      ],
      [
        9.29203410797922,
        -0.4468766689300536,
        -18.437221498080987
      ]
    ]
  },
  "walkable": {
    "samples": [
      {
        "t": 0,
        "center": [
          -3.7918290447919585,
          -0.4468766689300536,
          -258.31105617522894
        ],
        "width": 2,
        "floorHeight": -2.0468766689300537
      },
      {
        "t": 0.05263157894736842,
        "center": [
          -3.1504429181589497,
          -0.4468766689300536,
          -245.68288346518054
        ],
        "width": 2,
        "floorHeight": -2.0468766689300537
      },
      {
        "t": 0.10526315789473684,
        "center": [
          -2.509056791525941,
          -0.4468766689300536,
          -233.05471075513216
        ],
        "width": 2,
        "floorHeight": -2.0468766689300537
      },
      {
        "t": 0.15789473684210525,
        "center": [
          -1.867670664892932,
          -0.4468766689300536,
          -220.42653804508376
        ],
        "width": 2,
        "floorHeight": -2.0468766689300537
      },
      {
        "t": 0.21052631578947367,
        "center": [
          -1.079371581242351,
          -0.4468766689300536,
          -207.80842334516512
        ],
        "width": 2,
        "floorHeight": -2.0468766689300537
      },
      {
        "t": 0.2631578947368421,
        "center": [
          -0.2616899061882554,
          -0.4468766689300536,
          -195.19232024727245
        ],
        "width": 2,
        "floorHeight": -2.0468766689300537
      },
      {
        "t": 0.3157894736842105,
        "center": [
          0.5559917688658396,
          -0.4468766689300536,
          -182.57621714937977
        ],
        "width": 2,
        "floorHeight": -2.0468766689300537
      },
      {
        "t": 0.3684210526315789,
        "center": [
          1.170104879244241,
          -0.4468766689300536,
          -169.94617726383285
        ],
        "width": 2,
        "floorHeight": -2.0468766689300537
      },
      {
        "t": 0.42105263157894735,
        "center": [
          1.6824337072847957,
          -0.4468766689300536,
          -157.30916898445884
        ],
        "width": 2,
        "floorHeight": -2.0468766689300537
      },
      {
        "t": 0.47368421052631576,
        "center": [
          2.19476253532535,
          -0.4468766689300536,
          -144.6721607050848
        ],
        "width": 2,
        "floorHeight": -2.0468766689300537
      },
      {
        "t": 0.5263157894736842,
        "center": [
          2.8833869117869915,
          -0.4468766689300536,
          -132.04722203786648
        ],
        "width": 2,
        "floorHeight": -2.0468766689300537
      },
      {
        "t": 0.5789473684210527,
        "center": [
          3.7483068366697188,
          -0.4468766689300536,
          -119.43435298280389
        ],
        "width": 2,
        "floorHeight": -2.0468766689300537
      },
      {
        "t": 0.631578947368421,
        "center": [
          4.613226761552445,
          -0.4468766689300536,
          -106.8214839277413
        ],
        "width": 2,
        "floorHeight": -2.0468766689300537
      },
      {
        "t": 0.6842105263157895,
        "center": [
          5.3763624040973275,
          -0.4468766689300536,
          -94.20164647885156
        ],
        "width": 2,
        "floorHeight": -2.0468766689300537
      },
      {
        "t": 0.7368421052631579,
        "center": [
          5.935929481966513,
          -0.4468766689300536,
          -81.56787224230764
        ],
        "width": 22.303924557918275,
        "floorHeight": -1.8358213566002537
      },
      {
        "t": 0.7894736842105263,
        "center": [
          6.495496559835699,
          -0.4468766689300536,
          -68.93409800576369
        ],
        "width": 30.17677493311394,
        "floorHeight": -1.8209558675251336
      },
      {
        "t": 0.8421052631578947,
        "center": [
          7.0844462291084,
          -0.4468766689300536,
          -56.30233537124568
        ],
        "width": 76.67195975734158,
        "floorHeight": -2.205256782552042
      },
      {
        "t": 0.8947368421052632,
        "center": [
          7.820308855398673,
          -0.4468766689300536,
          -43.68063074685745
        ],
        "width": 30.325429486595155,
        "floorHeight": -2.162434594316819
      },
      {
        "t": 0.9473684210526315,
        "center": [
          8.556171481688946,
          -0.4468766689300536,
          -31.05892612246922
        ],
        "width": 39.39379952628546,
        "floorHeight": -1.8969660225817526
      },
      {
        "t": 1,
        "center": [
          9.29203410797922,
          -0.4468766689300536,
          -18.437221498080987
        ],
        "width": 2,
        "floorHeight": -2.0468766689300537
      }
    ],
    "minBound": [
      -75.72919464111328,
      -29.769582748413086,
      -260.61566162109375
    ],
    "maxBound": [
      82.89491271972656,
      116.82173919677734,
      20.739301681518555
    ]
  }
}